Angle,Range,Intensity
2.637901544570923,0.28999999165534973,1008.0
2.6455373764038086,0.28600001335144043,1008.0
2.827160596847534,0.26899999380111694,1008.0
2.8323421478271484,0.27399998903274536,1008.0
2.8372507095336914,0.2800000011920929,1008.0
