Angle,Range,Intensity
2.8241608142852783,0.2680000066757202,1008.0
2.8293423652648926,0.27300000190734863,1008.0
2.8345236778259277,0.27900001406669617,1008.0
