Angle,Range,Intensity
2.636810779571533,0.28999999165534973,1008.0
2.8263425827026367,0.26899999380111694,1008.0
2.831523895263672,0.27399998903274536,1008.0
2.836432695388794,0.2800000011920929,1008.0
