Angle,Range,Intensity
2.636265277862549,0.28999999165534973,1008.0
2.8247063159942627,0.26899999380111694,1008.0
2.83016037940979,0.27300000190734863,1008.0
2.835069179534912,0.27900001406669617,1008.0
2.8407959938049316,0.28299999237060547,1008.0
2.633265495300293,0.28999999165534973,1008.0
2.821979284286499,0.2680000066757202,1008.0
2.826887845993042,0.27399998903274536,1008.0
2.8320693969726562,0.27900001406669617,1008.0
2.839977979660034,0.27399998903274536,1008.0
