Angle,Range,Intensity
2.6389923095703125,0.28999999165534973,1008.0
2.8247063159942627,0.2680000066757202,1008.0
2.83016037940979,0.2720000147819519,1008.0
2.8386144638061523,0.26600000262260437,1008.0
