Angle,Range,Intensity
2.636265277862549,0.29100000858306885,1008.0
2.8230700492858887,0.2669999897480011,1008.0
2.828251361846924,0.2720000147819519,1008.0
2.833160161972046,0.27799999713897705,1008.0
