Angle,Range,Intensity
2.6389923095703125,0.28999999165534973,1008.0
2.823888063430786,0.2669999897480011,1008.0
2.8290696144104004,0.2720000147819519,1008.0
2.8342509269714355,0.2770000100135803,1008.0
