Angle,Range,Intensity
2.641446590423584,0.28999999165534973,1008.0
2.8244335651397705,0.2669999897480011,1008.0
2.829887628555298,0.2720000147819519,1008.0
2.835069179534912,0.2770000100135803,1008.0
