Angle,Range,Intensity
2.638174295425415,0.289000004529953,1008.0
2.824979066848755,0.26600000262260437,1008.0
2.83016037940979,0.27000001072883606,1008.0
2.835069179534912,0.2759999930858612,1008.0
2.8402504920959473,0.2809999883174896,1008.0
