Angle,Range,Intensity
2.6359925270080566,0.29100000858306885,1008.0
2.824979066848755,0.2680000066757202,1008.0
2.83016037940979,0.27300000190734863,1008.0
2.835069179534912,0.27900001406669617,1008.0
