Angle,Range,Intensity
2.6392650604248047,0.29100000858306885,1008.0
2.821979284286499,0.2680000066757202,1008.0
2.827160596847534,0.27300000190734863,1008.0
2.8323421478271484,0.27799999713897705,1008.0
