Angle,Range,Intensity
2.636265277862549,0.28999999165534973,1008.0
2.6441738605499268,0.2849999964237213,1008.0
2.824979066848755,0.2680000066757202,1008.0
2.83016037940979,0.27300000190734863,1008.0
2.835069179534912,0.27900001406669617,1008.0
