Angle,Range,Intensity
2.6409013271331787,0.28999999165534973,1008.0
2.8244335651397705,0.2680000066757202,1008.0
2.829887628555298,0.2720000147819519,1008.0
2.8375234603881836,0.2680000066757202,1008.0
