Angle,Range,Intensity
2.64335560798645,0.29100000858306885,1008.0
2.8257970809936523,0.26899999380111694,1008.0
2.8312511444091797,0.27300000190734863,1008.0
2.8386144638061523,0.27000001072883606,1008.0
